soot,
0.2425991,4847.741142
0.45417383,
0.6992377,
0.85174346,
0.9981088,
1.0738043,
1.2023212,
1.2432865,
1.2331538,
1.3168776,
1.3785346,
1.3087873,
1.3509121,
1.3595695,
1.3227146,
1.3187058,
1.452995,
1.3764458,
1.3536758,
1.3046838,
1.3491522,
1.2871321,
1.2764277,
1.371051,
1.304839,
1.3156447,
1.2996075,
1.4044417,
1.1552068,
1.303154,
1.1121714,
1.3688755,
1.6537024,
2.0307603,
1.7898631,
1.645328,
1.5083932,
1.3062897,
1.3615559,
1.2644264,
1.4136363,
1.7429492,
1.8765194,
2.0003076,
2.0504851,
2.0890899,
2.1225455,
2.142566,
2.1695323,
2.193788,
2.1842885,
2.1796782,
2.0768456,
2.0069914,
1.9071414,
1.8990667,
2.012468,
2.157938,
2.3194633,
2.377872,
2.3554442,
2.259382,
2.1334987,
2.046599,
1.9523228,
1.9109769,
1.8521471,
1.8211906,
1.8008347,
1.7876623,
1.8221451,
1.0834169,
0.28916237,
0.23790304,
0.17841081,
0.10113869,
0.103418835,
0.118711755,
0.10636408,
0.13661768,
0.13291666,
0.19803691,
0.18091658,
0.20059153,
0.23563558,
0.17790352,
0.18565424,
0.21185836,
1.3103349,
2.063439,
2.3270388,
2.5497737,
2.6296983,
2.6255653,
2.4260144,
2.180862,
2.0402203,
1.9959923,
1.6792818,
1.6992278,
1.6447687,
1.6011832,
1.4750128,
1.3732088,
1.3134208,
1.4977851,
1.5585954,
1.5068719,
1.3869061,
1.4321897,
1.379816,
1.3094062,
1.4639316,
1.2880223,
1.2667423,
1.0952185,
2.1801445,
2.2762434,
2.2819905,
2.293928,
2.3813405,
2.4757967,
2.496947,
2.4643865,
2.387325,
2.2297502,
2.0343637,
1.9129121,
1.915413,
1.9885777,
2.0810418,
2.0996568,
2.0337129,
1.9855019,
1.8732424,
1.8637744,
1.9782653,
2.1352525,
2.2751198,
2.3158777,
2.2250128,
2.191152,
2.0361557,
2.0888755,
2.3691607,
2.5305583,
2.6548648,
2.6548648,
2.4250817,
2.3464432,
2.2053237,
2.0523162,
1.9131691,
1.8624259,
1.7748396,
1.6522799,
1.5346088,
1.4857913,
1.5059869,
1.5175433,
1.6039841,
1.6481011,
1.7000346,
1.724659,
1.7620313,
1.8007886,
1.8745552,
1.9506093,
1.9905857,
1.9795387,
1.9727702,
1.9066057,
1.8602674,
1.8419145,
1.7659639,
1.7920913,
2.0341656,
2.3161006,
2.509706,
2.581042,
2.5743828,
2.516622,
2.4835255,
2.3652418,
2.2372758,
2.105883,
2.0582056,
2.0050895,
1.981564,
2.000304,
2.0653982,
2.1871622,
2.3009763,
2.3462868,
2.421996,
2.4559298,
2.476428,
2.484369,
2.5044892,
2.5132754,
2.520245,
2.5405192,
2.5043364,
2.450047,
2.4227047,
2.370542,
2.345046,
2.3111432,
2.2972853,
2.2713223,
2.2630172,
2.2599883,
2.2616076,
2.265353,
2.285501,
2.3043177,
2.3038754,
2.2866066,
2.2827246,
2.2696028,
2.2646575,
2.2689638,
2.270516,
2.2506173,
2.237939,
2.2224658,
2.1961975,
2.1944177,
2.144937,
2.1202302,
2.0941353,
2.0926635,
2.091982,
2.106032,
2.09281,
2.0758996,
2.073111,
2.0228214,
1.9711666,
1.9039558,
1.8912506,
1.8874638,
1.8953443,
1.9688872,
2.1516154,
2.273727,
2.3854108,
2.3752706,
2.3401165,
2.2847202,
2.2418704,
2.1935663,
2.176479,
2.1862388,
2.2194397,
2.239255,
2.2863495,
2.3170424,
2.3390355,
2.321834,
2.2464042,
2.1332595,
1.9823346,
1.271671,
0.43608207,
0.38136294,
0.3692856,
0.21943071,
0.16247913,
0.10113869,
0.10484164,
0.1386766,
0.20379514,
0.2314355,
0.28657898,
0.22414629,
0.2526136,
0.14843135,
0.14331348,
0.17316428,
0.16595498,
0.17141065,
0.2650695,
0.43578064,
0.6458932,
0.7674189,
1.0925231,
1.1203508,
1.1723089,
1.2292998,
1.2259774,
1.1522448,
1.2978008,
1.2854311,
1.2498784,
1.2805115,
1.2418721,
1.2967218,
1.2378185,
1.1291544,
1.4080683,
1.1562268,
1.2479095,
1.5850997,
2.6546497,
3.3676476,
3.0740023,
2.9261603,
2.9836626,
2.522154,
2.14321,
2.0729163,
1.9699322,
1.9353335,
1.8367473,
1.6272585,
1.555311,
1.3825123,
1.3523293,
1.2624408,
1.2624013,
1.220234,
1.4164131,
1.3644503,
1.1944249,
1.1601484,
1.4209672,
1.5214753,
1.836168,
2.0247653,
2.1280468,
2.1744297,
2.235108,
2.2951407,
2.3397558,
2.356511,
2.3966794,
2.4551036,
2.569045,
2.5788827,
2.636575,
2.5694733,
2.4993887,
2.3462982,
2.2095387,
2.0791037,
2.0167954,
1.9688766,
1.9379647,
1.9232628,
1.9096106,
1.8712996,
1.7974051,
1.7104453,
1.6771345,
1.5945475,
1.6276481,
1.612948,
1.5962751,
1.5231707,
1.6235487,
1.8078918,
1.9810905,
2.0647194,
2.236031,
2.4604406,
2.2398372,
2.283934,
2.238386,
2.0939317,
1.8903822,
1.7566354,
1.7080528,
1.6753708,
1.7344024,
1.7171218,
1.832699,
1.8714602,
1.8944577,
1.8816528,
1.8477573,
1.7249504,
1.654561,
1.7998339,
1.8661183,
1.919974,
1.9476372,
1.957062,
1.9657366,
1.9960002,
1.974098,
1.9933441,
2.3191326,
2.087543,
2.148973,
1.8876263,
1.6966958,
1.660263,
1.424767,
1.4713851,
1.5099276,
1.520642,
1.624022,
1.561731,
1.5212998,
1.4954572,
1.5284318,
1.445152,
1.4067953,
1.320859,
1.3403296,
1.3379338,
1.3647982,
1.3117844,
1.253345,
1.3416898,
1.3254352,
1.3058841,
1.2299072,
1.2208831,
1.316309,
1.3434584,
1.3449314,
1.2835412,
1.3636113,
1.3185427,
1.3497119,
1.3418671,
1.387187,
1.3107988,
1.2118183,
1.2919915,
1.2731113,
1.3160061,
1.2720878,
1.2863348,
1.3563895,
1.2324216,
1.385179,
1.2676888,
1.3273933,
1.2940509,
1.3720655,
1.2870271,
1.398679,
1.3039473,
1.3325782,
1.2490815,
1.2319831,
1.3252356,
1.2773232,
1.3099973,
1.3576281,
1.2689946,
1.3566395,
1.381106,
1.383426,
1.216927,
1.2439511,
1.301738,
1.3198364,
1.4402995,
1.4013953,
1.3380135,
1.3130993,
1.30815,
1.3565983,
1.3650663,
1.3416806,
1.4124897,
1.3764741,
1.27383,
1.3651198,
1.3587241,
1.2462643,
1.3240625,
1.3430324,
1.3713328,
1.3162901,
1.3185867,
1.2885951,
1.3087521,
1.3377434,
1.3410937,
1.2359189,
1.3041832,
1.2625875,
1.281874,
1.3326057,
1.2583638,
1.2840438,
1.313992,
1.3179417,
1.3688376,
1.3177888,
1.2982063,
1.3385761,
1.2583547,
1.307179,
1.3089432,
1.404705,
1.2807355,
1.2258954,
1.225995,
1.2543211,
1.1989056,
1.2674147,
1.2561452,
1.2215306,
1.191749,
1.2769483,
1.2356931,
1.2938286,
1.3037331,
1.2629101,
1.1903389,
1.1329286,
1.186318,
1.1819366,
1.2477105,
1.064528,
1.1846709,
1.8783023,
2.4265952,
1.4297328,
2.1738894,
2.0844991,
2.200296,
2.5342093,
2.5873709,
2.3337157,
2.140637,
1.8801078,
1.8764858,
2.07922,
2.2234654,
2.3153481,
2.065983,
1.7197466,
1.4061191,
1.3516607,
1.3516607,
1.3516607,
1.1392903,
0.55138,
0.37444854,
0.22578658,
0.12419508,
0.10113869,
0.10904837,
0.10113869,
0.10113869,
0.10113869,
0.10113869,
0.10113869,
0.10113869,
0.10113869,
0.10113869,
0.10113869,
0.10113869,
0.106866196,
0.112865545,
0.12307571,
0.12798542,
0.1387096,
0.14148922,
0.16519432,
0.23913221,
0.1644786,
0.15848844,
0.15431722,
0.17800051,
0.3265295,
0.5357863,
0.71836174,
1.013612,
1.1334355,
1.130255,
1.1111249,
1.1110854,
1.1356064,
1.2280865,
1.2936525,
1.2154367,
1.2767293,
1.3590742,
1.3779262,
1.3700356,
1.283299,
1.3468137,
1.3083613,
1.4011304,
1.3209777,
1.3389047,
1.3656528,
1.2898147,
1.3654814,
1.3801332,
1.333397,
1.3690028,
1.362895,
1.3816872,
1.3845823,
1.3037348,
1.452436,
1.3098893,
1.3410435,
1.4030038,
1.4000084,
1.4479909,
1.3761623,
1.4274215,
1.3847272,
1.3160696,
1.3260007,
1.2785854,
1.3275588,
1.2944055,
1.3325696,
1.3440872,
1.4079664,
1.3581243,
1.2457173,
1.2553791,
1.2595544,
1.3174896,
1.3345903,
1.2754161,
1.3419104,
1.320282,
1.354367,
1.3553013,
1.3956708,
1.2840652,
1.3581051,
1.3765483,
1.3538053,
1.2661709,
1.3076324,
1.3022668,
1.4089228,
1.295526,
1.3627884,
1.3266327,
1.306781,
1.331586,
1.132784,
1.3618133,
1.2275484,
1.3156074,
1.2601202,
1.2159071,
1.2368855,
1.1777512,
1.1939464,
1.2052498,
1.3090277,
1.2242106,
1.2418538,
1.2573246,
1.2855186,
1.3154075,
1.2124847,
1.0298322,
1.1954398,
2.0886693,
2.279783,
2.4964452,
2.6473918,
2.6548648,
2.6000087,
2.4340515,
2.2540011,
2.0911756,
1.9653947,
1.6944586,
1.476285,
0.9109258,
0.56274295,
0.36889586,
0.3074398,
0.32796153,
0.16602768,
0.14562525,
0.21407059,
0.1376395,
0.14489876,
0.08337117,
0.07896983,
0.1414888,
0.24806897,
0.51595557,
0.72479767,
0.8365349,
0.92735964,
0.9660363,
1.1105119,
1.078697,
1.0875651,
1.0476089,
1.1829512,
1.0864007,
1.168015,
1.095458,
1.1522744,
1.1976194,
1.2851324,
1.243816,
1.199841,
1.2642064,
1.212295,
1.1967624,
1.1986988,
1.1013167,
1.2525506,
1.2409077,
1.1768254,
1.1526171,
1.2201234,
1.2328137,
1.2331547,
1.23443,
1.3134823,
1.2481749,
1.4970256,
1.1525358,
1.2742177,
2.6479647,
2.7024148,
2.6544144,
2.652364,
2.6548526,
2.654864,
2.6548648,
2.3914568,
2.1413982,
1.9305111,
1.9307162,
2.0989923,
2.2798715,
2.4796972,
2.5448549,
2.3783202,
1.9812214,
1.7234485,
1.5574567,
1.4415891,
1.4799103,
1.7638547,
2.1588695,
2.3403516,
2.1451209,
1.9922853,
1.7807498,
1.6028631,
1.5609252,
1.5249742,
1.6270255,
1.8805336,
2.17484,
2.592938,
2.6548648,
2.5461502,
2.2784953,
1.9906063,
1.6963122,
1.5910447,
1.3876225,
1.3516607,
1.3516607,
1.3516607,
1.0137334,
0.7119159,
0.48488387,
0.42668384,
0.20731828,
0.1251714,
0.11890581,
0.10628099,
0.10113869,
0.10113869,
0.10113869,
0.14606337,
0.15473038,
0.18483834,
0.19243982,
0.20641786,
0.21276197,
0.17958234,
0.17518969,
0.16814806,
0.16253799,
0.17556787,
0.533989,
1.1893371,
1.9943264,
2.2489066,
2.431922,
2.6548648,
2.6548648,
2.5877676,
2.3972914,
2.178465,
1.9383149,
1.72758,
1.7690581,
2.0324574,
2.3219604,
2.541768,
2.5432646,
2.426554,
2.2252135,
1.9964309,
1.7500162,
1.4897995,
1.4668425,
1.4254282,
1.3516607,
1.3516607,
1.3516607,
1.3516607,
1.3516607,
1.3516607,
1.3516607,
1.3755403,
1.7026927,
2.033585,
2.1634889,
2.0000844,
1.7306628,
1.4037519,
1.3516607,
1.3516607,
1.3516607,
1.3516607,
1.3516607,
1.3516607,
1.3516607,
1.0749781,
0.53313404,
0.32442364,
0.25769773,
0.14077576,
0.103001416,
0.10113869,
0.13550414,
0.12579441,
0.11789458,
0.13052613,
0.10244119,
0.110240206,
0.11156901,
0.115867525,
0.121339574,
0.124730796,
0.12806946,
0.13104272,
0.13641983,
0.1390642,
0.14485829,
0.1445142,
0.14701971,
0.1438159,
0.13533735,
0.116652526,
0.10113869,
0.10113869,
0.11126511,
0.10845332,
0.116940424,
0.11769264,
0.118848026,
0.1123133,
0.10349237,
0.10616098,
0.10113869,
0.37629223,
1.8831025,
2.2347121,
2.342035,
2.2012706,
2.0171847,
1.880842,
1.7805747,
1.6787405,
1.4922092,
0.7024588,
0.16889402,
0.89922684,
1.6001186,
1.9476013,
2.0830162,
1.9477503,
1.6362814,
1.4083936,
1.3516607,
1.3516607,
1.3985177,
1.5827295,
1.867016,
1.9557372,
1.784664,
1.6182225,
1.5429244,
1.5104026,
1.4583151,
1.5168159,
1.5867653,
1.6632847,
1.7372205,
1.7592505,
1.7038013,
1.4186517,
0.31567833,
0.13412699,
0.10113869,
0.10113869,
0.10113869,
0.10113869,
0.10905729,
0.108429834,
0.11083306,
0.11176925,
0.116354585,
0.116929404,
0.11460825,
0.10418873,
0.10113869,
0.10113869,
0.1047835,
0.112973735,
0.12688847,
0.12694691,
0.12813586,
0.1278022,
0.12664357,
0.18678811,
0.26103225,
0.29825687,
0.24963053,
0.17857206,
0.13015419,
0.1343201,
0.13784169,
1.2501867,
1.2106817,
1.3285823,
2.653052,
3.247145,
3.3676476,
2.6546628,
2.5716984,
2.6370997,
2.652176,
2.6541715,
2.6544893,
2.6536226,
2.6548092,
2.654864,
2.4683254,
2.1075492,
1.835657,
1.6247072,
1.6267593,
1.8909293,
2.0824876,
2.0319529,
1.9064723,
1.4454288,
1.3516607,
1.3516607,
1.3516607,
1.3516607,
1.3516607,
1.3516607,
1.6167037,
1.7035054,
1.4093127,
1.3516607,
1.2721055,
0.8873337,
0.47883692,
0.32332015,
0.14544755,
1.5952425,
2.309368,
2.365562,
2.103119,
1.7319119,
1.4896947,
1.3516607,
1.3516607,
1.2735921,
0.731761,
0.50718033,
0.34688756,
0.26652688,
0.10113869,
0.10113869,
0.10113869,
0.10113869,
0.10113869,
0.1090251,
0.11847443,
0.17536044,
0.1517841,
0.101518735,
0.10311946,
0.102159426,
0.10113869,
0.10206358,
0.93945795,
1.9580072,
2.2170956,
2.2691379,
2.2665687,
2.214072,
2.1490676,
2.1328876,
2.1236582,
2.1380973,
2.1183784,
2.1243544,
2.121565,
2.1235518,
2.2307913,
2.39581,
2.3473277,
2.2014816,
2.014936,
1.8617513,
1.8191247,
1.8000865,
1.8192759,
1.8458668,
1.8716974,
1.9054552,
1.984866,
2.0303702,
1.9845333,
1.9025254,
1.7995342,
1.731553,
1.7041469,
1.6669185,
1.6525347,
1.60112,
1.5882447,
1.6083044,
1.6363015,
1.7196137,
1.7896419,
1.8682908,
1.991155,
2.2027888,
2.4896936,
2.654864,
2.6548648,
2.6548648,
2.5570405,
2.3296123,
2.0170105,
1.8799629,
1.7033384,
1.5679643,
1.528303,
1.5114343,
1.512698,
1.5235755,
1.4516561,
0.95651704,
0.65725124,
0.4111909,
0.29236874,
0.15063682,
0.15922537,
0.18156496,
0.1048778,
0.10615337,
0.10937824,
0.11286528,
0.11493872,
0.11147775,
0.10736702,
0.10113869,
0.10266535,
0.19667989,
0.18029258,
0.14185917,
0.11927928,
0.11972629,
0.1140151,
0.10113869,
0.10113869,
0.10113869,
0.17449163,
0.16620068,
0.12920542,
0.13492967,
0.1276939,
0.13141453,
0.10113869,
1.0225693,
2.1179733,
2.5369837,
2.6301203,
2.5736487,
2.3845005,
2.0512686,
1.8441494,
1.9066621,
2.0430954,
2.2156804,
2.2348952,
2.1496706,
2.051983,
1.9424988,
1.9815114,
2.0958967,
2.0021963,
1.8508507,
1.71818,
1.6274822,
1.5192995,
1.5548855,
1.6198865,
1.7133594,
2.0034347,
2.3505757,
2.5293179,
2.6548648,
2.5847178,
2.3376098,
2.180651,
2.0396729,
1.9135734,
1.8053952,
1.7179635,
1.6392648,
1.5978816,
1.5939677,
1.5987737,
1.593084,
1.5947334,
1.5119622,
1.4447184,
1.469314,
0.6373645,
0.47128597,
0.26310474,
0.23088752,
0.17714348,
0.1940104,
0.13234782,
0.15387659,
0.113927126,
0.10113869,
0.102671236,
0.10113869,
0.5143319,
1.8376335,
2.3000622,
2.413343,
2.3149714,
2.214275,
2.0807457,
1.937286,
1.841695,
1.8124499,
1.7794254,
1.7655903,
1.7661937,
1.7312834,
1.7260772,
1.7060313,
1.7252175,
1.8161678,
1.923895,
2.0498729,
2.2000868,
2.323241,
2.4048302,
2.4267578,
2.3791604,
2.3310723,
2.267753,
2.3071141,
2.3894901,
2.4883306,
2.6281347,
2.6548648,
2.6548648,
2.593778,
2.4650316,
2.2468119,
2.0468535,
1.9639175,
1.949734,
2.0025702,
2.0170808,
1.9641521,
1.8542458,
1.656265,
1.3884662,
0.8860125,
0.4706663,
0.32026166,
0.27225548,
0.21735384,
0.12707326,
0.11862687,
0.113309555,
0.12104917,
0.58574283,
1.664573,
1.9910313,
2.2567954,
2.3763618,
2.4034646,
2.334884,
2.1357093,
1.9513524,
1.8025503,
1.6522965,
1.5205942,
1.3866934,
1.3516607,
1.3516607,
1.3516607,
1.3516603,
1.3516607,
1.2449427,
0.69238305,
0.51200545,
0.45770675,
0.31813195,
0.20236382,
0.15761802,
0.14735356,
0.10113869,
0.853047,
1.8471233,
2.357839,
2.3001618,
1.9882137,
1.6593695,
1.3932037,
1.3516607,
1.3097192,
0.8657179,
0.46053174,
0.29424834,
0.17137048,
0.19546023,
0.14778908,
0.12574075,
0.12664142,
0.10113869,
1.2150279,
2.0303485,
2.2508779,
2.1153355,
1.8032364,
1.3768566,
0.960681,
0.48596066,
1.6716684,
2.095442,
2.24689,
2.2322636,
2.1276655,
2.0471401,
1.9022171,
1.7914429,
1.8283476,
1.9099003,
1.9935404,
2.0699775,
2.0602326,
2.0235314,
1.9179668,
1.9272475,
2.2032268,
2.4214344,
2.6101465,
2.627199,
2.6548648,
2.6548645,
2.6548648,
2.4365046,
2.2856622,
2.0621748,
1.6743622,
1.5014845,
1.478759,
0.9462159,
0.6634581,
0.56169546,
0.4563796,
0.4197505,
0.33899277,
0.3054616,
0.3321378,
0.25375056,
0.26821294,
0.14692728,
0.18016799,
0.2952706,
0.61410546,
0.83528006,
0.9208127,
1.0528077,
1.1204103,
1.189966,
1.2300164,
1.2761741,
1.3327167,
1.2946231,
1.2554014,
1.2483658,
1.3203713,
1.3078243,
1.3291245,
1.3928665,
1.3709044,
1.3347902,
1.2911813,
1.40855,
1.3667424,
1.1376331,
2.6387954,
2.9728718,
2.6548524,
3.0522091,
2.5956047,
2.394497,
2.1943417,
2.1244564,
2.3849483,
2.561627,
2.6548648,
2.1183338,
1.7862154,
1.4668778,
1.3516607,
1.3556391,
1.5824136,
1.985843,
1.8946658,
1.4382126,
1.3516607,
1.3516607,
1.3516607,
1.3516607,
1.4361483,
1.849294,
1.9236486,
1.6452746,
1.3516607,
1.3516607,
1.3516607,
1.3516607,
1.3516607,
1.3516607,
1.3516607,
1.3516607,
1.3516607,
1.3516607,
1.3516607,
1.3516607,
1.3516607,
1.3516607,
1.3516607,
1.3516607,
1.3516607,
1.3516607,
1.3516607,
1.3516607,
1.3516607,
1.4663066,
1.7182722,
1.8578159,
1.894242,
1.9274988,
1.7915794,
1.5099037,
1.3516607,
1.3516607,
1.3516607,
1.3516607,
1.3516607,
1.3516607,
1.3516607,
1.3516607,
1.3516607,
1.3516607,
1.3516607,
1.6678251,
2.073814,
2.3303003,
2.4063864,
2.2486897,
1.9085463,
1.7577109,
1.6306049,
1.2711146,
0.8415381,
0.36493742,
0.13601339,
0.11597052,
0.12555598,
0.2607842,
0.29820627,
0.34687185,
0.30741104,
0.24319662,
0.1627301,
0.14645813,
0.14179584,
0.29147163,
0.3591261,
0.33441648,
0.31400105,
0.33206475,
0.29102954,
0.2693686,
0.31340146,
0.23099063,
0.19488293,
0.16327634,
0.18530951,
0.1909853,
0.3972875,
0.60788524,
0.91789675,
0.9737953,
1.0718474,
1.0886515,
1.1628736,
1.2386866,
1.264601,
1.175386,
1.2974015,
1.1934762,
1.2462919,
1.282531,
1.2748498,
1.2818551,
1.1931143,
1.254034,
1.3037683,
1.2979331,
1.2470996,
1.2527354,
1.2400813,
1.1782004,
1.1290685,
1.0577918,
1.1282635,
1.1739426,
1.2460297,
1.2073405,
1.184174,
1.1815634,
1.1016592,
1.1105596,
1.1078314,
1.1951478,
1.168141,
1.1082323,
1.0842576,
1.1161948,
1.1021588,
1.1093923,
1.1225419,
1.0665555,
1.089846,
1.0403184,
0.991119,
1.0060076,
0.99576265,
0.969332,
1.0038837,
0.97669905,
0.99627864,
0.9197506,
0.9700559,
1.0948535,
1.0520682,
0.94450635,
0.9690273,
0.91188896,
0.95130503,
0.93670076,
0.9139566,
0.97036517,
0.9541597,
0.997831,
0.99059904,
1.014255,
1.0484368,
0.95832884,
0.96066874,
0.9541006,
0.99321693,
0.9772905,
0.999393,
0.98704153,
0.96637416,
0.9838033,
0.9309279,
0.9895529,
0.9178556,
0.9537639,
0.9895523,
0.99905574,
0.9424256,
0.89703244,
1.012865,
1.0442383,
1.0348399,
0.99779785,
1.0699629,
1.0418627,
0.98294973,
0.9738081,
0.97256446,
0.97027886,
1.0229889,
1.1228912,
1.0177412,
0.9331691,
0.9613739,
0.9946165,
1.0189742,
1.0556277,
1.0207096,
1.0000494,
1.0106676,
1.056073,
1.0545615,
0.9712764,
1.0475161,
1.1001837,
1.1497557,
1.1587995,
1.1276191,
1.1695968,
1.1414236,
1.0688181,
1.1606102,
1.0955656,
1.0584067,
1.1422496,
1.1228145,
1.1424105,
1.004402,
0.9135736,
1.6273718,
2.180049,
2.8239467,
2.416416,
2.4024293,
2.4951904,
2.626342,
2.6156573,
2.360627,
2.1442273,
1.9934376,
1.8932835,
1.745713,
1.6906717,
1.7535968,
1.8687432,
2.0529568,
2.1359568,
2.1599014,
2.007258,
1.6985828,
1.2379756,
0.67673147,
0.40974197,
0.32576862,
0.10113869,
1.0355269,
1.9089936,
2.1796377,
2.214702,
2.165465,
2.026229,
1.5769691,
1.3811038,
1.1689185,
0.9448777,
0.73034275,
0.34276512,
1.1101433,
1.7604862,
1.9803476,
2.109507,
2.1813176,
2.2076268,
2.1396623,
2.0165925,
1.8794527,
1.8566504,
1.9991491,
2.2606235,
2.3839798,
2.2297463,
2.0161963,
1.8705255,
1.743496,
1.7529541,
1.8878033,
2.1120222,
2.2795296,
2.3640327,
2.3710332,
2.3065834,
2.181778,
2.0670388,
1.8897014,
1.7346706,
1.5503591,
1.3516607,
1.3516607,
1.3516607,
1.3516607,
1.3516607,
1.4306408,
1.6658738,
1.9375844,
2.080925,
2.1059165,
2.096347,
1.9677765,
1.7921665,
1.6041772,
1.5511734,
1.522233,
1.4627285,
1.4031482,
1.3634243,
1.3516607,
1.3516607,
1.3516607,
1.3516607,
1.3516607,
1.3611554,
1.3803465,
1.3909581,
1.3732071,
1.3516607,
1.3516607,
1.3516607,
1.3516607,
1.3516607,
1.3664922,
1.4425918,
1.6562676,
1.930697,
2.2736206,
2.536329,
2.6201138,
2.6150842,
2.5145953,
2.3895335,
2.348553,
2.2841258,
2.2135715,
2.04718,
1.7592199,
1.5755644,
1.1876626,
0.85056305,
0.50164056,
0.17829517,
0.10307258,
0.10113869,
0.11621852,
0.18939842,
0.10711323,
0.17577301,
0.1908985,
0.19707243,
0.23668398,
0.2322682,
0.21273836,
0.1786174,
0.22412689,
0.18657362,
0.22626564,
0.17207265,
0.19041803,
0.12314479,
1.780045,
2.2497115,
2.6548648,
2.6382904,
2.6548648,
2.4112227,
2.1019845,
1.889956,
1.6639619,
1.534218,
0.93218935,
0.69813246,
0.35542032,
0.2940724,
0.31014246,
0.295257,
0.23441364,
0.18841663,
0.14329614,
0.24176423,
0.16841057,
0.12552197,
0.9129664,
2.1316314,
2.5315988,
2.6548588,
2.654863,
2.6548615,
2.5779433,
2.3128717,
2.2586937,
2.1500964,
1.988188,
1.8208616,
1.6892486,
1.5654205,
1.4279835,
1.3516607,
1.3516607,
1.3516607,
1.3516607,
1.3516607,
1.3516607,
1.3516607,
1.5187482,
1.8423,
2.1321273,
2.2496998,
2.2061682,
2.1472085,
2.0752277,
2.0208972,
1.9833957,
1.8381822,
1.6574357,
1.5480976,
1.1968093,
0.7303642,
0.5145697,
0.39939994,
0.20940256,
0.23164155,
0.21972933,
0.19006246,
0.13769673,
0.13074888,
0.16345881,
0.15559545,
0.1193472,
0.11933072,
0.11756734,
0.11858047,
0.1178156,
0.11774631,
0.12732881,
0.117580794,
0.11972809,
0.12046038,
0.11577338,
0.10803584,
0.10113869,
0.10113869,
0.10113869,
0.1025555,
0.10113869,
0.113460466,
0.105546966,
0.10113869,
0.10113869,
0.10462349,
0.10222686,
0.10113869,
0.10113869,
0.10113869,
0.10113869,
0.10113869,
0.10113869,
0.10113869,
0.10113869,
0.10113869,
0.10113869,
0.10113869,
0.106089056,
0.11519208,
0.13265991,
0.12441505,
0.06724103,
0.06779435,
0.09196858,
0.12000854,
0.24675861,
0.5981611,
0.62103486,
0.7264377,
0.81862926,
0.9096403,
0.9437331,
1.0286043,
1.0394167,
1.0678276,
0.98044753,
1.1415713,
1.8348631,
1.2182893,
2.5371056,
3.3543274,
2.6548004,
2.4908414,
2.449329,
2.5143204,
2.5329251,
2.4994044,
2.360126,
2.2527075,
2.1026216,
1.9504032,
1.8290685,
1.7743864,
1.7295511,
1.7579917,
1.8733513,
1.9554899,
1.985051,
2.1005259,
2.3808334,
2.2729497,
2.0836315,
1.8296794,
1.6805811,
1.7159755,
1.9032137,
2.169415,
2.2999535,
2.2123275,
2.0358973,
1.8901558,
1.747462,
1.7707808,
2.077591,
2.2834854,
2.415552,
2.3449602,
2.0978725,
1.8069973,
1.5328438,
1.50063,
1.4346712,
1.3516607,
1.3516607,
1.3516607,
1.3516607,
1.3516607,
1.3516607,
1.3516607,
1.3984234,
1.4475851,
1.52672,
1.6144348,
1.6669742,
1.6657298,
1.6451256,
1.6554267,
1.6496398,
1.6490198,
1.6367557,
1.5919461,
1.5502727,
1.5471549,
1.5339754,
1.5146365,
1.4651184,
1.3968056,
1.3516607,
1.3757403,
1.3706923,
1.4818382,
1.6354852,
1.8934159,
2.2410169,
2.4618807,
2.4738626,
2.396303,
2.2894313,
2.174454,
2.0749059,
1.985276,
1.9028002,
1.820818,
1.7580075,
1.7320383,
1.7036076,
1.6825138,
1.6516839,
1.588336,
1.5222198,
1.4768624,
1.4844905,
1.49933,
1.57689,
1.6793895,
1.775737,
1.928717,
2.0152082,
2.0690885,
2.129975,
2.164124,
2.1798859,
2.1997075,
2.237797,
2.2568855,
2.249751,
2.2173817,
2.1833665,
2.14669,
2.1135669,
2.1248295,
2.101987,
1.9269252,
1.4186134,
0.99435353,
0.5916473,
0.38096154,
0.33102623,
0.29416233,
0.25098947,
0.1607309,
0.121225126,
0.12860666,
0.11077983,
0.12488141,
0.11189914,
0.11639578,
0.11401079,
0.1138682,
0.11344019,
0.11459267,
0.11350085,
0.114243746,
0.10113869,
0.3010747,
1.7843866,
2.1476834,
2.4439805,
2.5060742,
2.3393264,
2.209972,
2.0159688,
1.9322978,
1.8939865,
1.8730937,
1.869564,
1.8748872,
1.8900383,
1.8939588,
1.9016713,
1.7506047,
1.4396319,
0.9408908,
0.568125,
0.38805246,
0.19431618,
0.13129741,
0.105837405,
0.10113869,
0.11090388,
0.10113869,
0.10113869,
0.10113869,
0.10113869,
0.10113869,
0.10113869,
0.10113869,
0.10113869,
0.10113869,
0.10113869,
0.10113869,
0.10113869,
0.10113869,
0.10113869,
0.10113869,
0.10336448,
0.105543606,
0.107715674,
0.109623685,
0.11472299,
0.11669423,
0.11342025,
0.10222758,
0.10113869,
0.10113869,
0.10113869,
0.10113869,
0.10113869,
0.10113869,
0.10113869,
0.110620975,
0.10113869,
0.10514758,
0.1162655,
0.12234743,
0.12319738,
0.11817874,
0.10843588,
0.10113869,
0.1044092,
0.10957862,
0.1097228,
0.108078875,
0.10113869,
0.10113869,
0.10113869,
0.10113869,
0.10718981,
0.113645084,
0.11620036,
0.115991406,
0.11176037,
0.10958616,
0.11138503,
0.11902876,
0.13296089,
0.20383126,
0.16109009,
0.14717218,
0.15397796,
0.1593039,
0.16414514,
0.30694932,
0.47259665,
0.9377124,
1.5979699,
1.9198792,
1.9301767,
1.8467469,
1.7313638,
1.5536008,
1.6679599,
1.7091014,
1.784929,
1.9281812,
2.0085158,
2.053853,
2.0312243,
1.988432,
1.9033183,
1.8467456,
1.7395111,
1.7715611,
1.9104851,
2.1691794,
2.3562586,
2.3853617,
2.3453255,
2.1258624,
1.8731167,
1.7485254,
1.6520355,
1.6807153,
1.7912831,
2.065619,
2.3140259,
2.3933067,
2.3676183,
2.302217,
2.2138405,
2.0646179,
1.8225762,
1.5066867,
1.1117405,
0.72441983,
0.43815973,
0.11756351,
0.44012684,
1.2336643,
2.0321686,
2.2910595,
2.3158176,
2.2914057,
2.2654693,
2.2332811,
2.21992,
2.1721244,
2.1113813,
2.007082,
1.9103326,
1.8537613,
1.7946407,
1.7938366,
1.8205051,
1.8338261,
1.8028574,
1.6515186,
1.5211526,
1.4177018,
1.368954,
1.383539,
1.4066236,
1.4357404,
1.565249,
1.7457987,
1.9351606,
2.1254673,
2.4813957,
2.6534615,
2.6130843,
2.4992692,
2.3585248,
2.1318803,
1.9925363,
1.8750535,
1.817339,
1.7977302,
1.8082032,
1.8525687,
1.8863443,
1.9257544,
2.0124438,
1.98698,
1.8404543,
1.5766294,
1.0350578,
0.7711423,
0.5957181,
0.27625412,
0.13505986,
0.8959293,
1.8862772,
2.092973,
2.1821623,
2.2755356,
2.3569486,
2.2725213,
1.9055169,
1.5985135,
1.3396919,
0.976083,
0.67262477,
0.5230043,
0.37148792,
0.28687134,
0.17232208,
0.15700005,
0.13639833,
0.13523473,
0.12694295,
0.11367562,
0.10113869,
0.10113869,
0.10113869,
0.10113869,
0.10113869,
0.10113869,
0.10113869,
0.10113869,
0.10113869,
0.10113869,
0.10113869,
0.10113869,
0.10113869,
0.10113869,
0.10113869,
0.10113869,
0.10113869,
0.10113869,
0.10113869,
0.10113869,
0.10113869,
0.10113869,
0.10113869,
0.10113869,
0.10113869,
0.10113869,
0.10113869,
0.10113869,
0.22540756,
1.6433055,
1.8992105,
2.0307362,
2.094469,
2.0723665,
2.0287614,
1.9698578,
1.8639963,
1.7181466,
1.6634107,
1.6433499,
1.688485,
1.0550385,
0.64266074,
0.35594523,
0.16925882,
0.10129497,
0.10113869,
0.10113869,
0.10113869,
0.10113869,
0.10113869,
0.10113869,
0.10113869,
0.18521859,
1.7406436,
2.2534022,
2.433117,
2.3955169,
2.257707,
2.1329675,
2.0584211,
1.983681,
1.9588621,
1.9036782,
1.8839495,
1.8512374,
1.815375,
1.7728598,
1.7143247,
1.6616254,
1.6254785,
1.6191654,
1.6516716,
1.6869961,
1.721349,
1.7644149,
1.7893865,
1.8337332,
1.8686365,
1.858502,
1.8896446,
1.896064,
1.8932817,
1.9032141,
1.8514245,
1.8148578,
1.6922457,
1.7378715,
1.9166623,
2.2074995,
2.4816153,
2.5982933,
2.5706215,
2.4620004,
2.2739666,
2.1493688,
2.0813987,
2.0480695,
2.0067174,
1.9793022,
2.024058,
2.058992,
2.1566634,
2.3134317,
2.5145261,
2.5450356,
2.5317786,
2.5314941,
2.4925835,
2.4705641,
2.4621634,
2.4755685,
2.5148885,
2.5060065,
2.4740672,
2.4031603,
1.9403963,
1.7127028,
1.3730974,
0.9172753,
0.57943577,
0.48632145,
0.27894884,
0.15247475,
0.14040986,
0.12199427,
0.10113869,
0.10113869,
0.10113869,
0.111257724,
0.12380007,
0.104041286,
0.10761285,
0.10481889,
0.10113869,
0.10113869,
0.10113869,
0.18368483,
0.23572057,
0.23919292,
0.23467873,
0.20109098,
0.19392553,
0.19109392,
0.14472465,
0.14433144,
0.14589179,
0.18737862,
0.36071068,
0.5888982,
0.7959077,
1.0131248,
1.032225,
1.142599,
1.0402253,
1.1674589,
1.1872085,
1.2096968,
1.2706178,
1.3161477,
1.2806194,
1.3609124,
1.330781,
1.2234895,
1.2384527,
1.2671864,
1.3196187,
1.2827829,
1.2981745,
1.256655,
1.2470021,
1.312766,
1.3110812,
1.3027518,
1.284491,
1.2713239,
1.2458574,
1.2970507,
1.2548689,
1.2672368,
1.2211863,
1.2032688,
1.2561159,
1.2669418,
1.2591361,
1.2687302,
1.2802552,
1.2894833,
1.3180538,
1.3158607,
1.2734005,
1.3473483,
1.2778928,
1.289733,
1.2687304,
1.2220769,
1.1960889,
1.2628003,
1.3017113,
1.2102293,
1.1955382,
1.2139302,
1.267638,
1.2876996,
1.1751454,
1.1959778,
1.1683412,
1.2965899,
1.2861054,
1.1965125,
1.2835009,
1.2986965,
1.2216884,
1.2602181,
1.2582214,
1.2258166,
1.2816585,
1.2195724,
1.2482047,
1.2620791,
1.2907312,
1.2312893,
1.2852103,
1.244917,
1.2529106,
1.1510271,
1.1738613,
1.1182863,
1.2133466,
1.222628,
1.2961656,
1.2826115,
1.2922208,
1.1411268,
1.2146767,
1.24592,
1.1389793,
1.1932777,
1.1882387,
1.213035,
1.1924831,
1.3142483,
1.1828847,
1.2253184,
1.2363513,
1.3701138,
2.094914,
2.4349008,
2.3129816,
2.353846,
2.3683772,
2.3688252,
2.2623038,
1.8064423,
1.0832627,
0.43754706,
0.3172915,
0.10225307,
0.3009811,
1.0579929,
1.5219316,
1.7619679,
1.7013186,
1.5954498,
1.8885944,
2.0057275,
2.1248426,
2.16087,
2.0774274,
1.9714742,
1.821913,
1.858652,
2.1438591,
2.412428,
2.5162108,
2.393174,
2.0542636,
1.6773806,
1.3554071,
1.3516607,
1.3516607,
1.3516607,
1.3516607,
1.3516607,
1.4604753,
1.7979214,
2.1428878,
2.0102644,
1.7932644,
1.7623587,
1.7071816,
1.6196607,
1.5109901,
1.3981638,
1.3516607,
1.3516607,
1.3516607,
1.3516607,
1.3516607,
1.3516607,
1.3516607,
1.3516607,
1.3516607,
1.3516607,
1.3516607,
1.3516607,
1.3516607,
1.3516607,
1.3516607,
1.3516607,
1.3516607,
1.3516607,
1.3516607,
1.3516607,
1.3516607,
1.3516607,
1.3516607,
1.3516607,
1.3516607,
1.3516607,
1.3516607,
1.3516607,
1.3516607,
1.3516607,
1.3340828,
1.1206783,
0.91888034,
0.75763106,
0.26948515,
1.3767705,
2.126908,
2.1926677,
1.8472221,
1.5076344,
1.3516607,
1.3516607,
1.3516607,
1.3516607,
1.3516607,
1.3516607,
1.3516607,
1.3516607,
1.3516607,
1.3516607,
1.3516607,
1.3516607,
1.3516607,
1.3516607,
1.3516607,
1.3516607,
1.3702118,
1.5866289,
1.9158283,
2.1331663,
2.1100748,
1.9564056,
1.8136598,
1.7468598,
1.7119905,
1.7016033,
1.6696601,
1.6660542,
1.698072,
1.7171043,
1.7539332,
1.7815514,
1.7815554,
1.8108451,
1.8394032,
1.7077935,
1.5260003,
0.96601814,
0.5951919,
0.3732249,
0.17878546,
0.12326118,
0.16049248,
0.14570214,
0.11762066,
0.11156765,
0.11641721,
0.11248357,
0.113040306,
0.12702456,
0.11644529,
0.11796415,
0.11928662,
0.12067324,
0.12208523,
0.1229991,
0.12638415,
0.12615728,
0.119652644,
0.115955085,
0.10296026,
0.10113869,
0.10113869,
0.10113869,
0.10113869,
0.10113869,
0.10113869,
0.10113869,
0.10113869,
0.10113869,
0.10113869,
0.10113869,
0.10330082,
0.10498433,
0.10591716,
0.1070184,
0.10965421,
0.10983975,
0.111918494,
0.11266789,
0.11412341,
0.11529677,
0.1150277,
0.11610186,
0.11675736,
0.11761264,
0.1187675,
0.119625814,
0.121552944,
0.12231392,
0.12523594,
0.12803854,
0.11408781,
0.108667076,
1.5785078,
2.1505287,
2.476752,
2.1985688,
1.7625431,
1.4020779,
1.3516607,
1.3516607,
1.3516607,
1.3516607,
1.3516607,
1.3516607,
1.3516607,
1.3516607,
1.3516607,
1.3516607,
1.3516607,
1.3516607,
1.3516607,
1.3516607,
1.3516607,
1.3516607,
1.3516607,
1.3516607,
1.3516607,
1.438998,
1.705739,
1.3516607,
1.3516607,
1.3516607,
1.3516607,
1.3516607,
1.3516607,
1.3516607,
1.3516607,
1.3516607,
1.3516607,
1.3516607,
1.3516607,
1.3516607,
1.3516607,
1.3516607,
1.3516607,
1.3516607,
1.3516607,
1.4151428,
1.6624172,
1.8976581,
2.0640311,
2.2011623,
1.9869009,
1.680956,
1.3516607,
1.3516607,
1.3516607,
1.3516607,
1.3516607,
1.3516607,
1.3516607,
1.3516607,
1.3516607,
1.3516607,
1.3516607,
1.3516607,
1.3516607,
1.5618937,
1.8463879,
2.0466774,
2.113874,
2.0894597,
2.0506074,
1.9687705,
1.8872511,
1.8022641,
1.6332786,
1.5335685,
1.5192659,
1.4457222,
1.7125405,
1.9208742,
2.3138015,
2.6548648,
2.6395416,
2.3814294,
2.2715197,
2.1112442,
1.9670615,
1.8365928,
1.6581752,
1.6384828,
1.701957,
1.8619503,
2.0510778,
2.13964,
2.056887,
1.8970865,
1.5498936,
1.4139321,
0.8181567,
0.5979712,
0.372661,
0.34960267,
0.2177495,
0.179399,
0.13208331,
0.16121806,
0.11201728,
0.10113869,
0.48304278,
2.0108702,
2.467018,
2.640533,
2.6080277,
2.4766293,
2.3475647,
2.19768,
2.0271661,
1.9357079,
1.9269118,
1.9445796,
1.9014323,
1.8399956,
1.7474004,
1.6592121,
1.6193007,
1.5907803,
1.5917623,
1.6042287,
1.629456,
1.5855361,
1.4818935,
1.4034917,
1.3516607,
1.3516607,
1.3756768,
1.4835329,
1.6009355,
1.6399171,
1.6180726,
1.5888661,
1.6003356,
1.6128904,
1.6785355,
1.7139511,
1.7347687,
1.7563331,
1.7677169,
1.6168723,
1.4580514,
0.7661396,
0.43005392,
0.1882585,
0.1612956,
0.14718819,
0.13480125,
0.11282286,
0.17949507,
0.20504843,
0.17505538,
0.19802645,
0.23113383,
0.16404803,
0.18597205,
0.12026355,
1.9116015,
2.530433,
2.654863,
2.6548593,
2.6548624,
2.4169295,
2.199224,
1.9261214,
1.5173721,
1.3516607,
1.3536439,
0.867187,
0.5159344,
0.3013291,
0.14706306,
0.15512304,
0.17607899,
0.18155682,
0.16445684,
0.16761953,
0.189939,
0.16200042,
0.1029247,
0.10418037,
0.10113869,
0.1595184,
1.7534996,
2.423028,
2.0470266,
1.5104783,
1.3516607,
1.3516607,
1.3516607,
1.3516607,
1.3516607,
1.3516607,
1.3516607,
1.6354406,
1.8864754,
1.7226784,
1.5790884,
1.4204363,
1.3516607,
1.3516607,
1.3516607,
1.3516607,
1.4651916,
1.82195,
1.820178,
1.5429474,
1.3516607,
1.3516607,
1.3516607,
1.3516607,
1.3516607,
1.3516607,
1.3516607,
1.3516607,
1.3516607,
1.3516607,
1.3516607,
1.3516607,
1.3516607,
1.4209975,
1.6478024,
1.9489193,
2.1599574,
2.2963724,
2.3584392,
2.1836386,
1.9900303,
1.8909218,
1.6620848,
1.6437224,
1.5902541,
1.498316,
1.445282,
1.3898942,
1.3516607,
1.3516607,
1.3563914,
1.4858328,
1.6870003,
1.8765324,
1.9732656,
1.9935379,
1.9345841,
1.8568532,
1.7430296,
1.6523522,
1.5921015,
1.5447559,
1.5232964,
1.4897451,
1.4440396,
1.3613446,
1.3516607,
1.3516607,
1.4401006,
1.5592805,
1.6050522,
1.6478328,
1.6660603,
1.5892532,
1.4952676,
1.4152752,
1.3516607,
1.3516607,
1.3516607,
1.3516607,
1.3516607,
1.3516607,
1.3516607,
1.3516607,
1.3516607,
1.3516607,
1.3516607,
1.3516607,
1.3516607,
1.3516607,
1.3516607,
1.3516607,
1.3516607,
1.3516607,
1.4645056,
1.8292944,
2.1644611,
2.3822289,
2.411025,
2.29621,
2.2035499,
2.0795884,
1.9606941,
1.841861,
1.7435685,
1.6801428,
1.6294125,
1.5793228,
1.5282847,
1.4459608,
1.386874,
1.3516607,
1.3516607,
1.3516607,
1.3516607,
1.3516607,
1.3516607,
1.3516607,
1.3516607,
1.3516607,
1.3516607,
1.3516607,
1.3516607,
1.3516607,
1.3516607,
1.3516607,
1.3516607,
1.3516607,
1.3516607,
1.3516607,
1.3516607,
1.3516607,
1.3516607,
1.3516607,
1.3516607,
1.3516607,
1.3516607,
1.3516607,
1.3516607,
1.3516607,
1.3516607,
1.3516607,
1.3516607,
1.2987885,
1.0215049,
0.77268595,
0.56643665,
0.36883304,
0.28907323,
0.27488592,
0.24838343,
0.25635937,
0.19770563,
0.26550165,
0.30262432,
0.2781867,
0.27738586,
0.28580254,
0.20266321,
0.23057933,
0.31892008,
0.24864966,
0.15209901,
0.23588333,
0.24793899,
0.17926557,
0.15375957,
0.5944272,
1.5016432,
1.755027,
1.8714516,
1.9164693,
1.9517436,
1.9562898,
1.9756243,
2.016304,
2.012783,
2.069701,
1.9582217,
1.6891937,
1.3516607,
1.3516607,
1.3516607,
1.3516607,
1.3516607,
1.3516607,
1.3516607,
1.3516607,
1.3516607,
1.3516607,
1.3516607,
1.3516607,
1.3516607,
1.3516607,
1.3516607,
1.3516607,
1.3516607,
1.3516607,
1.3516607,
1.3516607,
1.3516607,
1.3516607,
1.3516607,
1.3516607,
1.3516607,
1.3516607,
1.3990464,
1.4303172,
1.4880623,
1.5283805,
1.616292,
1.6635206,
1.6892812,
1.7095976,
1.6983975,
1.713186,
1.7620993,
1.8079327,
1.8364697,
1.8318489,
1.8012948,
1.7583672,
1.7296995,
1.7139876,
1.6962309,
1.7020142,
1.7210107,
1.7396297,
1.7713532,
1.78881,
1.7977213,
1.789763,
1.7810745,
1.7819214,
1.8145397,
1.8356833,
1.8630303,
1.8638645,
1.8489305,
1.8391788,
1.8225058,
1.812016,
1.7949111,
1.816938,
1.8377458,
1.9098676,
1.9194763,
1.8337946,
1.7075576,
1.6052603,
1.533474,
1.3516607,
1.0187112,
0.5941286,
0.42604655,
0.31444174,
0.30626142,
0.26990992,
0.24239667,
0.23858014,
0.112747476,
0.10113869,
0.11245217,
0.15182371,
0.17541677,
0.17251642,
0.10113869,
0.17405884,
0.19898324,
0.15243614,
0.17324197,
0.2063227,
0.17628215,
0.15549286,
0.12366839,
0.10113869,
0.10113869,
0.10113869,
0.10113869,
0.10113869,
0.10113869,
0.10113869,
0.10113869,
0.10113869,
0.8597918,
1.9685822,
2.5516632,
2.4792185,
2.1353333,
1.7425737,
1.6687422,
1.5941315,
1.4993962,
1.4065909,
1.3516607,
1.3516607,
1.3516607,
1.3516607,
1.3516607,
1.3516607,
1.3516607,
1.3516607,
1.3516607,
1.3516607,
1.3516607,
1.3516607,
1.3516607,
1.3516607,
1.3516607,
1.3516607,
1.3516607,
1.3516607,
1.3516607,
1.3516607,
1.3516607,
1.3516607,
1.3516607,
1.3516607,
1.3516607,
1.3516607,
1.3516607,
1.3516607,
1.3614703,
1.4192051,
1.4858685,
1.5391002,
1.5868881,
1.6101327,
1.6609677,
1.7088457,
1.739795,
1.7696365,
1.79873,
1.834838,
1.8418467,
1.8601695,
1.878088,
1.8884897,
1.8888603,
1.8827939,
1.881818,
1.8430727,
1.8154005,
1.7802777,
1.7573736,
1.7333579,
1.7200494,
1.7003009,
1.6930813,
1.6742054,
1.6621444,
1.6487287,
1.6371219,
1.6192836,
1.6202366,
1.6091661,
1.6120365,
1.6048119,
1.5954195,
1.611448,
1.6164181,
1.6136763,
1.6071125,
1.6107591,
1.6135657,
1.6039171,
1.5916507,
1.5810163,
1.5758979,
1.5616329,
1.5433288,
1.5324929,
1.5326807,
1.5244707,
1.5309887,
1.5285264,
1.5199468,
1.5214628,
1.526093,
1.521997,
1.5262408,
1.5248333,
1.5348506,
1.537409,
1.5298033,
1.534931,
1.5294778,
1.5238705,
1.5353559,
1.5231388,
1.5279378,
1.4997139,
1.4629357,
1.4343896,
1.4123707,
1.3760014,
1.3555801,
1.3516607,
1.3516607,
1.3516607,
1.3516607,
1.3516607,
1.3516607,
1.3531294,
1.3516607,
1.3516607,
1.3575656,
1.356169,
1.3691286,
1.365487,
1.3755575,
1.3974428,
1.4139724,
1.4308383,
1.4462593,
1.4624901,
1.4735341,
1.4761426,
1.475965,
1.4895718,
1.4968753,
1.5111299,
1.5272875,
1.5104029,
1.5157942,
1.5219342,
1.5155065,
1.5215974,
1.5341479,
1.5312445,
1.5405537,
1.5467865,
1.5558362,
1.5525697,
1.5665874,
1.5488917,
1.5528984,
1.5512623,
1.5485289,
1.538831,
1.5480781,
1.5481306,
1.5473416,
1.5465531,
1.5447402,
1.544358,
1.5332551,
1.5330093,
1.5336304,
1.5320673,
1.5143707,
1.5195355,
1.5124476,
1.5010934,
1.4966631,
1.487917,
1.4887514,
1.4942619,
1.4815645,
1.4807134,
1.4757543,
1.4708198,
1.4663609,
1.4598191,
1.4633447,
1.4563718,
1.4559426,
1.4505948,
1.4438133,
1.4317613,
1.4466755,
1.4413164,
1.4599535,
1.4706134,
1.4769434,
1.4793096,
1.4590274,
1.4265876,
1.4188567,
1.3939953,
1.3797495,
1.3821721,
1.386584,
1.3885232,
1.4076056,
1.4130137,
1.4186413,
1.4100047,
1.4118214,
1.402768,
1.3885468,
1.3875883,
1.3832338,
1.3725449,
1.3719542,
1.3721979,
1.3786185,
1.3814427,
1.3926814,
1.3971703,
1.4043303,
1.4177433,
1.4137039,
1.4234095,
1.4227289,
1.426736,
1.4117323,
1.4091258,
1.405519,
1.4069071,
1.3969533,
1.3809891,
1.3757827,
1.3614848,
1.3516607,
1.3516607,
1.3516607,
1.3516607,
1.3516607,
1.3516607,
1.3516607,
1.3516607,
1.3516607,
1.3516607,
1.3516607,
1.3516607,
1.3516607,
1.3516607,
1.3516607,
1.3516607,
1.3516607,
1.3516607,
1.3516607,
1.3516607,
1.3516607,
1.3516607,
1.3516607,
1.3516607,
1.3516607,
1.3516607,
1.3516607,
1.3516607,
1.3516607,
1.3516607,
1.3516607,
1.3516607,
1.3516607,
1.3516607,
1.3516607,
1.3516607,
1.3516607,
1.3516607,
1.3516607,
1.3516607,
1.3516607,
1.3516607,
1.3516607,
1.3516607,
1.3516607,
1.3516607,
1.3516607,
1.3516607,
1.3516607,
1.3516607,
1.3516607,
1.3516607,
1.3516607,
1.3516607,
1.3516607,
1.3516607,
1.3516607,
1.3516607,
1.3516607,
1.3516607,
1.3516607,
1.3516607,
1.3516607,
1.3516607,
1.3516607,
1.3516607,
1.3516607,
1.3516607,
1.3516607,
1.3516607,
1.3516607,
1.3516607,
1.3516607,
1.3516607,
1.3516607,
1.3516607,
1.3516607,
1.3516607,
1.3516607,
1.3516607,
1.3516607,
1.3516607,
1.3516607,
1.3835373,
1.4081743,
1.4419973,
1.4669197,
1.4933212,
1.5143008,
1.5289972,
1.5395823,
1.5599754,
1.5716944,
1.5814748,
1.5859969,
1.5969102,
1.5965374,
1.6027558,
1.6163014,
1.6226423,
1.6326383,
1.6248674,
1.6351936,
1.6459001,
1.660236,
1.6674557,
1.6585745,
1.6665618,
1.6589104,
1.5829462,
1.5767971,
1.6153796,
1.6708755,
1.6860178,
1.672034,
1.6872191,
1.6856086,
1.6885511,
1.6932676,
1.6764474,
1.6847469,
1.6784797,
1.6814684,
1.6778772,
1.6781747,
1.6800745,
1.6879537,
1.6814908,
1.6793218,
1.6678455,
1.6666322,
1.6599865,
1.6561518,
1.666066,
1.647223,
1.653575,
1.6584711,
1.665977,
1.6543177,
1.6507807,
1.6447268,
1.6505696,
1.6490476,
1.6465689,
1.6374357,
1.6299615,
1.6213351,
1.6156229,
1.6149956,
1.6406682,
1.6747837,
1.704309,
1.7290182,
1.75812,
1.7740259,
1.7801992,
1.7858601,
1.8039168,
1.8021301,
1.7974445,
1.79933,
1.8068871,
1.8081018,
1.8135293,
1.8248351,
1.814883,
1.8010617,
1.7975082,
1.7870088,
1.7781497,
1.7698967,
1.7492902,
1.7171264,
1.7041519,
1.6942322,
1.6713395,
1.668007,
1.6583717,
1.6367654,
1.6223972,
1.6106929,
1.6083921,
1.5756838,
1.5600641,
1.5324966,
1.5112889,
1.4873968,
1.4617498,
1.450929,
1.4300017,
1.4236327,
1.42864,
1.435326,
1.4328816,
1.433188,
1.4447678,
1.4352055,
1.4499843,
1.4490665,
1.449662,
1.467137,
1.465486,
1.4682304,
1.4648913,
1.4806257,
1.4785371,
1.4739693,
1.4761038,
1.4867676,
1.492599,
1.4887528,
1.388046,
1.3516607,
1.2723687,
0.8459691,
0.68171024,
0.54263043,
0.48693827,
0.42115578,
0.34839112,
0.23029892,
0.16521844,
0.12686412,
0.23798956,
0.15321659,
0.14089271,
0.20745583,
0.18708384,
0.10113869,
0.12454404,
0.17200513,
0.19102293,
0.12866825,
0.23819804,
0.2040074,
0.19902273,
0.15588164,
0.15351546,
0.124225736,
0.10778348,
0.11123745,
0.10370253,
0.10113869,
0.10255767,
0.10113869,
0.10113869,
0.10113869,
0.10113869,
0.10113869,
0.10113869,
0.10113869,
0.10113869,
0.10113869,
0.10113869,
0.10113869,
0.10113869,
0.10113869,
0.10113869,
0.10113869,
0.10113869,
0.10113869,
0.10113869,
0.10113869,
0.10113869,
0.10113869,
0.10113869,
0.10113869,
0.10113869,
0.10113869,
0.10113869,
0.10113869,
0.10113869,
0.10113869,
0.10113869,
0.10113869,
0.10113869,
0.10113869,
0.10113869,
0.1076926,
0.10113869,
0.10113869,
0.10113869,
0.10113869,
0.10113869,
0.10113869,
0.10113869,
0.10113869,
0.10113869,
0.10113869,
0.10113869,
0.11654747,
0.11877694,
0.13666086,
0.15093444,
0.14388207,
0.14951202,
0.16385561,
0.16667362,
0.19458358,
0.14103849,
0.13126278,
0.12053168,
0.27130786,
0.4672735,
0.7580035,
0.861276,
0.94183224,
1.0685942,
1.1465085,
1.236713,
1.2146395,
1.1404145,
1.3408648,
1.3058898,
1.1633865,
1.3343023,
1.2969671,
1.2774318,
1.3023636,
1.3146484,
1.3018047,
1.3025657,
1.3190361,
1.3168957,
1.3317486,
1.2554245,
1.245549,
1.3423032,
1.3315871,
1.3190361,
1.3295343,
1.2984321,
1.3346937,
1.3176441,
1.4088877,
1.4067194,
1.2922856,
1.433724,
1.3428042,
1.2707765,
1.3924102,
1.3166851,
1.2708764,
1.3438053,
1.3179232,
1.3024894,
1.4157197,
1.2200339,
1.2910273,
1.2744832,
1.3587137,
1.2985748,
1.3682919,
1.4450849,
1.3718328,
1.4062238,
1.4153426,
1.2725613,
1.3799419,
1.372151,
1.2521714,
1.3175359,
1.4530026,
